LinearA_Image,LinearB_VisualMatch,Visual_Similarity
linear_a_0000,linear_b_0005,0.9874
linear_a_0000,linear_b_0033,0.9754
linear_a_0000,linear_b_0000,0.9414
linear_a_0000,linear_b_0049,0.9362
linear_a_0000,linear_b_0154,0.9346
linear_a_0001,linear_b_0043,0.9886
linear_a_0001,linear_b_0030,0.976
linear_a_0001,linear_b_0053,0.9561
linear_a_0001,linear_b_0179,0.9302
linear_a_0001,linear_b_0038,0.9149
linear_a_0002,linear_b_0030,0.9789
linear_a_0002,linear_b_0179,0.9646
linear_a_0002,linear_b_0053,0.9601
linear_a_0002,linear_b_0043,0.9573
linear_a_0002,linear_b_0038,0.9105
linear_a_0003,linear_b_0183,0.8031
linear_a_0003,linear_b_0186,0.7997
linear_a_0003,linear_b_0027,0.7958
linear_a_0003,linear_b_0208,0.794
linear_a_0003,linear_b_0190,0.76
linear_a_0004,linear_b_0053,0.9855
linear_a_0004,linear_b_0043,0.9763
linear_a_0004,linear_b_0030,0.9669
linear_a_0004,linear_b_0179,0.9666
linear_a_0004,linear_b_0038,0.9535
linear_a_0005,linear_b_0007,0.9077
linear_a_0005,linear_b_0005,0.8971
linear_a_0005,linear_b_0025,0.8955
linear_a_0005,linear_b_0033,0.8822
linear_a_0005,linear_b_0037,0.8738
linear_a_0006,linear_b_0007,0.9903
linear_a_0006,linear_b_0046,0.9445
linear_a_0006,linear_b_0025,0.9388
linear_a_0006,linear_b_0086,0.9384
linear_a_0006,linear_b_0000,0.9303
linear_a_0007,linear_b_0000,0.9912
linear_a_0007,linear_b_0033,0.9571
linear_a_0007,linear_b_0005,0.9512
linear_a_0007,linear_b_0154,0.9489
linear_a_0007,linear_b_0037,0.9435
linear_a_0008,linear_b_0046,0.9671
linear_a_0008,linear_b_0033,0.94
linear_a_0008,linear_b_0049,0.9358
linear_a_0008,linear_b_0005,0.9351
linear_a_0008,linear_b_0154,0.9346
linear_a_0009,linear_b_0004,0.9591
linear_a_0009,linear_b_0024,0.9467
linear_a_0009,linear_b_0141,0.94
linear_a_0009,linear_b_0082,0.9388
linear_a_0009,linear_b_0181,0.9334
linear_a_0010,linear_b_0033,0.9205
linear_a_0010,linear_b_0025,0.9127
linear_a_0010,linear_b_0082,0.9054
linear_a_0010,linear_b_0092,0.9049
linear_a_0010,linear_b_0005,0.9025
linear_a_0011,linear_b_0026,0.8844
linear_a_0011,linear_b_0139,0.8841
linear_a_0011,linear_b_0066,0.8818
linear_a_0011,linear_b_0067,0.8777
linear_a_0011,linear_b_0017,0.877
linear_a_0012,linear_b_0211,0.9375
linear_a_0012,linear_b_0037,0.902
linear_a_0012,linear_b_0147,0.9015
linear_a_0012,linear_b_0024,0.901
linear_a_0012,linear_b_0135,0.9009
linear_a_0013,linear_b_0211,0.948
linear_a_0013,linear_b_0024,0.9182
linear_a_0013,linear_b_0064,0.9176
linear_a_0013,linear_b_0202,0.9145
linear_a_0013,linear_b_0037,0.9128
linear_a_0014,linear_b_0063,0.9785
linear_a_0014,linear_b_0137,0.9445
linear_a_0014,linear_b_0002,0.9437
linear_a_0014,linear_b_0030,0.927
linear_a_0014,linear_b_0053,0.9268
linear_a_0015,linear_b_0024,0.9595
linear_a_0015,linear_b_0143,0.9488
linear_a_0015,linear_b_0141,0.9466
linear_a_0015,linear_b_0082,0.9449
linear_a_0015,linear_b_0159,0.9444
linear_a_0016,linear_b_0016,0.9405
linear_a_0016,linear_b_0006,0.9237
linear_a_0016,linear_b_0068,0.9149
linear_a_0016,linear_b_0058,0.9148
linear_a_0016,linear_b_0181,0.9098
linear_a_0017,linear_b_0141,0.9611
linear_a_0017,linear_b_0061,0.9431
linear_a_0017,linear_b_0137,0.9405
linear_a_0017,linear_b_0154,0.938
linear_a_0017,linear_b_0153,0.9367
linear_a_0018,linear_b_0082,0.9542
linear_a_0018,linear_b_0137,0.9293
linear_a_0018,linear_b_0016,0.9288
linear_a_0018,linear_b_0024,0.9197
linear_a_0018,linear_b_0037,0.9169
linear_a_0019,linear_b_0082,0.9362
linear_a_0019,linear_b_0137,0.9331
linear_a_0019,linear_b_0016,0.9303
linear_a_0019,linear_b_0006,0.9215
linear_a_0019,linear_b_0000,0.9096
linear_a_0020,linear_b_0137,0.9598
linear_a_0020,linear_b_0063,0.9316
linear_a_0020,linear_b_0006,0.9267
linear_a_0020,linear_b_0135,0.9234
linear_a_0020,linear_b_0000,0.9206
linear_a_0021,linear_b_0024,0.97
linear_a_0021,linear_b_0082,0.9613
linear_a_0021,linear_b_0143,0.9463
linear_a_0021,linear_b_0021,0.9445
linear_a_0021,linear_b_0141,0.9437
linear_a_0022,linear_b_0141,0.9689
linear_a_0022,linear_b_0137,0.9596
linear_a_0022,linear_b_0153,0.9397
linear_a_0022,linear_b_0024,0.935
linear_a_0022,linear_b_0135,0.9348
linear_a_0023,linear_b_0179,0.9724
linear_a_0023,linear_b_0000,0.9412
linear_a_0023,linear_b_0137,0.9277
linear_a_0023,linear_b_0135,0.9272
linear_a_0023,linear_b_0053,0.9234
linear_a_0024,linear_b_0044,0.9738
linear_a_0024,linear_b_0026,0.9268
linear_a_0024,linear_b_0064,0.8876
linear_a_0024,linear_b_0035,0.8815
linear_a_0024,linear_b_0163,0.8719
linear_a_0025,linear_b_0041,0.9552
linear_a_0025,linear_b_0221,0.8851
linear_a_0025,linear_b_0026,0.8729
linear_a_0025,linear_b_0044,0.8561
linear_a_0025,linear_b_0074,0.8508
linear_a_0026,linear_b_0159,0.9432
linear_a_0026,linear_b_0021,0.936
linear_a_0026,linear_b_0082,0.935
linear_a_0026,linear_b_0153,0.9336
linear_a_0026,linear_b_0016,0.9326
linear_a_0027,linear_b_0021,0.9353
linear_a_0027,linear_b_0159,0.9294
linear_a_0027,linear_b_0157,0.9257
linear_a_0027,linear_b_0028,0.9254
linear_a_0027,linear_b_0153,0.9208
linear_a_0028,linear_b_0070,0.9054
linear_a_0028,linear_b_0080,0.846
linear_a_0028,linear_b_0190,0.8374
linear_a_0028,linear_b_0002,0.8352
linear_a_0028,linear_b_0063,0.8313
linear_a_0029,linear_b_0053,0.889
linear_a_0029,linear_b_0038,0.888
linear_a_0029,linear_b_0027,0.8809
linear_a_0029,linear_b_0183,0.8799
linear_a_0029,linear_b_0142,0.8719
linear_a_0030,linear_b_0027,0.8627
linear_a_0030,linear_b_0045,0.8477
linear_a_0030,linear_b_0025,0.841
linear_a_0030,linear_b_0063,0.8394
linear_a_0030,linear_b_0011,0.8295
linear_a_0031,linear_b_0083,0.905
linear_a_0031,linear_b_0181,0.8899
linear_a_0031,linear_b_0202,0.882
linear_a_0031,linear_b_0019,0.8813
linear_a_0031,linear_b_0031,0.8549
linear_a_0032,linear_b_0063,0.8518
linear_a_0032,linear_b_0017,0.823
linear_a_0032,linear_b_0134,0.815
linear_a_0032,linear_b_0201,0.8128
linear_a_0032,linear_b_0011,0.8103
linear_a_0033,linear_b_0063,0.9297
linear_a_0033,linear_b_0047,0.9167
linear_a_0033,linear_b_0006,0.911
linear_a_0033,linear_b_0016,0.9088
linear_a_0033,linear_b_0137,0.8881
linear_a_0034,linear_b_0142,0.916
linear_a_0034,linear_b_0128,0.9112
linear_a_0034,linear_b_0190,0.8945
linear_a_0034,linear_b_0201,0.8797
linear_a_0034,linear_b_0093,0.869
linear_a_0035,linear_b_0087,0.9037
linear_a_0035,linear_b_0154,0.8837
linear_a_0035,linear_b_0049,0.8813
linear_a_0035,linear_b_0046,0.8777
linear_a_0035,linear_b_0168,0.8771
linear_a_0036,linear_b_0002,0.9481
linear_a_0036,linear_b_0137,0.9405
linear_a_0036,linear_b_0141,0.9286
linear_a_0036,linear_b_0064,0.9251
linear_a_0036,linear_b_0135,0.9242
linear_a_0037,linear_b_0063,0.9011
linear_a_0037,linear_b_0011,0.8921
linear_a_0037,linear_b_0030,0.888
linear_a_0037,linear_b_0002,0.8814
linear_a_0037,linear_b_0179,0.8736
linear_a_0038,linear_b_0184,0.9101
linear_a_0038,linear_b_0186,0.8944
linear_a_0038,linear_b_0145,0.886
linear_a_0038,linear_b_0188,0.8656
linear_a_0038,linear_b_0185,0.8599
linear_a_0039,linear_b_0063,0.9328
linear_a_0039,linear_b_0017,0.9008
linear_a_0039,linear_b_0006,0.9002
linear_a_0039,linear_b_0002,0.8954
linear_a_0039,linear_b_0025,0.8927
linear_a_0040,linear_b_0084,0.9378
linear_a_0040,linear_b_0011,0.8977
linear_a_0040,linear_b_0080,0.8419
linear_a_0040,linear_b_0015,0.8406
linear_a_0040,linear_b_0063,0.8207
linear_a_0041,linear_b_0200,0.9044
linear_a_0041,linear_b_0025,0.9016
linear_a_0041,linear_b_0069,0.899
linear_a_0041,linear_b_0135,0.8878
linear_a_0041,linear_b_0088,0.8795
linear_a_0042,linear_b_0184,0.9158
linear_a_0042,linear_b_0087,0.9031
linear_a_0042,linear_b_0014,0.8843
linear_a_0042,linear_b_0135,0.866
linear_a_0042,linear_b_0163,0.866
linear_a_0043,linear_b_0034,0.9404
linear_a_0043,linear_b_0066,0.8467
linear_a_0043,linear_b_0134,0.8159
linear_a_0043,linear_b_0248,0.8064
linear_a_0043,linear_b_0139,0.8028
linear_a_0044,linear_b_0141,0.948
linear_a_0044,linear_b_0082,0.9477
linear_a_0044,linear_b_0137,0.9467
linear_a_0044,linear_b_0024,0.9369
linear_a_0044,linear_b_0004,0.9353
linear_a_0045,linear_b_0019,0.9301
linear_a_0045,linear_b_0248,0.9138
linear_a_0045,linear_b_0013,0.9115
linear_a_0045,linear_b_0056,0.9073
linear_a_0045,linear_b_0024,0.9066
linear_a_0046,linear_b_0055,0.9591
linear_a_0046,linear_b_0167,0.9504
linear_a_0046,linear_b_0219,0.9313
linear_a_0046,linear_b_0010,0.9222
linear_a_0046,linear_b_0049,0.8924
linear_a_0047,linear_b_0010,0.9541
linear_a_0047,linear_b_0055,0.9258
linear_a_0047,linear_b_0049,0.9175
linear_a_0047,linear_b_0154,0.9063
linear_a_0047,linear_b_0167,0.902
linear_a_0048,linear_b_0010,0.9314
linear_a_0048,linear_b_0055,0.8934
linear_a_0048,linear_b_0154,0.8867
linear_a_0048,linear_b_0049,0.8791
linear_a_0048,linear_b_0046,0.8743
linear_a_0049,linear_b_0010,0.9947
linear_a_0049,linear_b_0167,0.9327
linear_a_0049,linear_b_0055,0.9261
linear_a_0049,linear_b_0117,0.9226
linear_a_0049,linear_b_0109,0.9226
linear_a_0050,linear_b_0049,0.976
linear_a_0050,linear_b_0033,0.9354
linear_a_0050,linear_b_0217,0.9315
linear_a_0050,linear_b_0007,0.9022
linear_a_0050,linear_b_0088,0.8998
linear_a_0051,linear_b_0049,0.922
linear_a_0051,linear_b_0033,0.912
linear_a_0051,linear_b_0040,0.9055
linear_a_0051,linear_b_0217,0.8909
linear_a_0051,linear_b_0005,0.8858
linear_a_0052,linear_b_0040,0.948
linear_a_0052,linear_b_0029,0.9342
linear_a_0052,linear_b_0159,0.9298
linear_a_0052,linear_b_0024,0.9294
linear_a_0052,linear_b_0143,0.9258
linear_a_0053,linear_b_0076,0.9548
linear_a_0053,linear_b_0159,0.9512
linear_a_0053,linear_b_0061,0.9363
linear_a_0053,linear_b_0153,0.9332
linear_a_0053,linear_b_0049,0.9318
linear_a_0054,linear_b_0159,0.9471
linear_a_0054,linear_b_0024,0.9445
linear_a_0054,linear_b_0082,0.9415
linear_a_0054,linear_b_0202,0.9398
linear_a_0054,linear_b_0181,0.934
linear_a_0055,linear_b_0065,0.809
linear_a_0055,linear_b_0064,0.7961
linear_a_0055,linear_b_0168,0.786
linear_a_0055,linear_b_0075,0.7836
linear_a_0055,linear_b_0193,0.78
linear_a_0056,linear_b_0017,0.9012
linear_a_0056,linear_b_0190,0.8752
linear_a_0056,linear_b_0188,0.873
linear_a_0056,linear_b_0063,0.863
linear_a_0056,linear_b_0004,0.8587
linear_a_0057,linear_b_0063,0.9251
linear_a_0057,linear_b_0142,0.9101
linear_a_0057,linear_b_0025,0.9062
linear_a_0057,linear_b_0002,0.9041
linear_a_0057,linear_b_0190,0.9036
linear_a_0058,linear_b_0018,0.9471
linear_a_0058,linear_b_0067,0.873
linear_a_0058,linear_b_0227,0.8711
linear_a_0058,linear_b_0017,0.8646
linear_a_0058,linear_b_0203,0.8622
linear_a_0059,linear_b_0019,0.9325
linear_a_0059,linear_b_0248,0.9224
linear_a_0059,linear_b_0024,0.9038
linear_a_0059,linear_b_0143,0.9035
linear_a_0059,linear_b_0153,0.899
linear_a_0060,linear_b_0083,0.9019
linear_a_0060,linear_b_0019,0.8771
linear_a_0060,linear_b_0017,0.8564
linear_a_0060,linear_b_0134,0.8508
linear_a_0060,linear_b_0028,0.8415
linear_a_0061,linear_b_0019,0.9355
linear_a_0061,linear_b_0013,0.9161
linear_a_0061,linear_b_0056,0.9126
linear_a_0061,linear_b_0153,0.912
linear_a_0061,linear_b_0058,0.8951
linear_a_0062,linear_b_0015,0.9966
linear_a_0062,linear_b_0147,0.8971
linear_a_0062,linear_b_0207,0.8691
linear_a_0062,linear_b_0036,0.8665
linear_a_0062,linear_b_0211,0.8144
linear_a_0063,linear_b_0036,0.7734
linear_a_0063,linear_b_0156,0.72
linear_a_0063,linear_b_0207,0.6461
linear_a_0063,linear_b_0083,0.6419
linear_a_0063,linear_b_0236,0.6342
linear_a_0064,linear_b_0020,0.8896
linear_a_0064,linear_b_0080,0.888
linear_a_0064,linear_b_0028,0.8835
linear_a_0064,linear_b_0006,0.8739
linear_a_0064,linear_b_0163,0.8709
linear_a_0065,linear_b_0063,0.8995
linear_a_0065,linear_b_0016,0.8871
linear_a_0065,linear_b_0092,0.8861
linear_a_0065,linear_b_0006,0.8788
linear_a_0065,linear_b_0017,0.8738
linear_a_0066,linear_b_0031,0.9006
linear_a_0066,linear_b_0082,0.8712
linear_a_0066,linear_b_0199,0.8624
linear_a_0066,linear_b_0017,0.8584
linear_a_0066,linear_b_0057,0.8578
linear_a_0067,linear_b_0031,0.9342
linear_a_0067,linear_b_0153,0.9213
linear_a_0067,linear_b_0061,0.9205
linear_a_0067,linear_b_0213,0.9126
linear_a_0067,linear_b_0076,0.9108
linear_a_0068,linear_b_0248,0.8795
linear_a_0068,linear_b_0003,0.8632
linear_a_0068,linear_b_0066,0.8494
linear_a_0068,linear_b_0247,0.8414
linear_a_0068,linear_b_0197,0.8395
linear_a_0069,linear_b_0234,0.9186
linear_a_0069,linear_b_0057,0.889
linear_a_0069,linear_b_0149,0.8875
linear_a_0069,linear_b_0019,0.8873
linear_a_0069,linear_b_0247,0.8872
linear_a_0070,linear_b_0048,0.9409
linear_a_0070,linear_b_0013,0.921
linear_a_0070,linear_b_0022,0.9155
linear_a_0070,linear_b_0019,0.91
linear_a_0070,linear_b_0187,0.9063
linear_a_0071,linear_b_0016,0.904
linear_a_0071,linear_b_0017,0.8907
linear_a_0071,linear_b_0006,0.8887
linear_a_0071,linear_b_0068,0.8789
linear_a_0071,linear_b_0092,0.8769
linear_a_0072,linear_b_0068,0.9569
linear_a_0072,linear_b_0016,0.9429
linear_a_0072,linear_b_0006,0.9282
linear_a_0072,linear_b_0058,0.9262
linear_a_0072,linear_b_0082,0.9247
linear_a_0073,linear_b_0147,0.9155
linear_a_0073,linear_b_0211,0.9076
linear_a_0073,linear_b_0080,0.9039
linear_a_0073,linear_b_0060,0.9016
linear_a_0073,linear_b_0142,0.8867
linear_a_0074,linear_b_0142,0.9069
linear_a_0074,linear_b_0026,0.8847
linear_a_0074,linear_b_0064,0.8827
linear_a_0074,linear_b_0135,0.8766
linear_a_0074,linear_b_0152,0.8752
linear_a_0075,linear_b_0211,0.9178
linear_a_0075,linear_b_0064,0.8917
linear_a_0075,linear_b_0153,0.8827
linear_a_0075,linear_b_0024,0.882
linear_a_0075,linear_b_0080,0.8818
linear_a_0076,linear_b_0145,0.9386
linear_a_0076,linear_b_0188,0.864
linear_a_0076,linear_b_0185,0.8588
linear_a_0076,linear_b_0189,0.8573
linear_a_0076,linear_b_0003,0.8528
linear_a_0077,linear_b_0150,0.9402
linear_a_0077,linear_b_0168,0.9232
linear_a_0077,linear_b_0049,0.912
linear_a_0077,linear_b_0088,0.9085
linear_a_0077,linear_b_0046,0.9048
linear_a_0078,linear_b_0167,0.9625
linear_a_0078,linear_b_0049,0.94
linear_a_0078,linear_b_0010,0.9194
linear_a_0078,linear_b_0219,0.9115
linear_a_0078,linear_b_0209,0.9065
linear_a_0079,linear_b_0184,0.9492
linear_a_0079,linear_b_0055,0.9018
linear_a_0079,linear_b_0185,0.9008
linear_a_0079,linear_b_0014,0.8976
linear_a_0079,linear_b_0186,0.8925
linear_a_0080,linear_b_0172,0.9291
linear_a_0080,linear_b_0193,0.9029
linear_a_0080,linear_b_0049,0.9017
linear_a_0080,linear_b_0168,0.9
linear_a_0080,linear_b_0088,0.8968
linear_a_0081,linear_b_0179,0.9892
linear_a_0081,linear_b_0053,0.9495
linear_a_0081,linear_b_0030,0.9367
linear_a_0081,linear_b_0135,0.932
linear_a_0081,linear_b_0038,0.9144
linear_a_0082,linear_b_0031,0.9355
linear_a_0082,linear_b_0076,0.9237
linear_a_0082,linear_b_0024,0.9035
linear_a_0082,linear_b_0082,0.9024
linear_a_0082,linear_b_0037,0.9004
linear_a_0083,linear_b_0092,0.9399
linear_a_0083,linear_b_0168,0.9105
linear_a_0083,linear_b_0088,0.9092
linear_a_0083,linear_b_0049,0.8946
linear_a_0083,linear_b_0025,0.8913
linear_a_0084,linear_b_0195,0.953
linear_a_0084,linear_b_0248,0.8988
linear_a_0084,linear_b_0181,0.8501
linear_a_0084,linear_b_0004,0.8479
linear_a_0084,linear_b_0003,0.845
linear_a_0085,linear_b_0082,0.9479
linear_a_0085,linear_b_0024,0.935
linear_a_0085,linear_b_0181,0.9279
linear_a_0085,linear_b_0076,0.9272
linear_a_0085,linear_b_0143,0.9237
linear_a_0086,linear_b_0089,0.8704
linear_a_0086,linear_b_0031,0.8279
linear_a_0086,linear_b_0199,0.8098
linear_a_0086,linear_b_0004,0.8011
linear_a_0086,linear_b_0021,0.7928
linear_a_0087,linear_b_0025,0.8499
linear_a_0087,linear_b_0080,0.8429
linear_a_0087,linear_b_0007,0.8339
linear_a_0087,linear_b_0211,0.8194
linear_a_0087,linear_b_0051,0.8163
linear_a_0088,linear_b_0063,0.9421
linear_a_0088,linear_b_0025,0.9326
linear_a_0088,linear_b_0137,0.9284
linear_a_0088,linear_b_0082,0.9273
linear_a_0088,linear_b_0000,0.9247
linear_a_0089,linear_b_0090,0.8332
linear_a_0089,linear_b_0187,0.807
linear_a_0089,linear_b_0191,0.8061
linear_a_0089,linear_b_0031,0.8015
linear_a_0089,linear_b_0145,0.7977
linear_a_0090,linear_b_0042,0.8332
linear_a_0090,linear_b_0155,0.8286
linear_a_0090,linear_b_0023,0.8126
linear_a_0090,linear_b_0083,0.8053
linear_a_0090,linear_b_0084,0.8004
linear_a_0091,linear_b_0142,0.9057
linear_a_0091,linear_b_0093,0.8991
linear_a_0091,linear_b_0190,0.8941
linear_a_0091,linear_b_0128,0.889
linear_a_0091,linear_b_0194,0.8853
linear_a_0092,linear_b_0092,0.9208
linear_a_0092,linear_b_0145,0.8612
linear_a_0092,linear_b_0025,0.8579
linear_a_0092,linear_b_0088,0.857
linear_a_0092,linear_b_0033,0.8542
linear_a_0093,linear_b_0180,0.8172
linear_a_0093,linear_b_0236,0.7253
linear_a_0093,linear_b_0083,0.7126
linear_a_0093,linear_b_0202,0.6875
linear_a_0093,linear_b_0244,0.669
linear_a_0094,linear_b_0180,0.7975
linear_a_0094,linear_b_0083,0.786
linear_a_0094,linear_b_0174,0.7571
linear_a_0094,linear_b_0202,0.756
linear_a_0094,linear_b_0236,0.7501
linear_a_0095,linear_b_0215,0.779
linear_a_0095,linear_b_0172,0.7404
linear_a_0095,linear_b_0083,0.7386
linear_a_0095,linear_b_0211,0.7317
linear_a_0095,linear_b_0202,0.7239
linear_a_0096,linear_b_0083,0.8691
linear_a_0096,linear_b_0019,0.8479
linear_a_0096,linear_b_0147,0.8312
linear_a_0096,linear_b_0031,0.8255
linear_a_0096,linear_b_0057,0.82
linear_a_0097,linear_b_0215,0.9112
linear_a_0097,linear_b_0019,0.8637
linear_a_0097,linear_b_0056,0.8569
linear_a_0097,linear_b_0248,0.8423
linear_a_0097,linear_b_0013,0.8306
linear_a_0098,linear_b_0017,0.9004
linear_a_0098,linear_b_0129,0.8986
linear_a_0098,linear_b_0037,0.8878
linear_a_0098,linear_b_0068,0.8847
linear_a_0098,linear_b_0063,0.8836
linear_a_0099,linear_b_0083,0.849
linear_a_0099,linear_b_0019,0.8322
linear_a_0099,linear_b_0021,0.8246
linear_a_0099,linear_b_0017,0.8218
linear_a_0099,linear_b_0082,0.82
linear_a_0100,linear_b_0024,0.9347
linear_a_0100,linear_b_0159,0.9338
linear_a_0100,linear_b_0082,0.9328
linear_a_0100,linear_b_0076,0.9271
linear_a_0100,linear_b_0141,0.9265
linear_a_0101,linear_b_0019,0.8635
linear_a_0101,linear_b_0083,0.8483
linear_a_0101,linear_b_0056,0.8472
linear_a_0101,linear_b_0064,0.8442
linear_a_0101,linear_b_0017,0.8401
linear_a_0102,linear_b_0072,0.8613
linear_a_0102,linear_b_0034,0.8263
linear_a_0102,linear_b_0008,0.8221
linear_a_0102,linear_b_0022,0.8057
linear_a_0102,linear_b_0149,0.7897
linear_a_0103,linear_b_0056,0.8597
linear_a_0103,linear_b_0083,0.8539
linear_a_0103,linear_b_0023,0.8269
linear_a_0103,linear_b_0017,0.8253
linear_a_0103,linear_b_0004,0.825
linear_a_0104,linear_b_0025,0.9207
linear_a_0104,linear_b_0199,0.9116
linear_a_0104,linear_b_0033,0.9075
linear_a_0104,linear_b_0082,0.9006
linear_a_0104,linear_b_0000,0.8988
linear_a_0105,linear_b_0030,0.9643
linear_a_0105,linear_b_0043,0.9515
linear_a_0105,linear_b_0053,0.941
linear_a_0105,linear_b_0179,0.9293
linear_a_0105,linear_b_0038,0.8817
linear_a_0106,linear_b_0011,0.9121
linear_a_0106,linear_b_0063,0.8763
linear_a_0106,linear_b_0027,0.8558
linear_a_0106,linear_b_0088,0.8493
linear_a_0106,linear_b_0168,0.8449
linear_a_0107,linear_b_0000,0.9589
linear_a_0107,linear_b_0049,0.9408
linear_a_0107,linear_b_0033,0.9347
linear_a_0107,linear_b_0037,0.931
linear_a_0107,linear_b_0005,0.9301
linear_a_0108,linear_b_0180,0.7597
linear_a_0108,linear_b_0084,0.7488
linear_a_0108,linear_b_0035,0.7408
linear_a_0108,linear_b_0065,0.732
linear_a_0108,linear_b_0083,0.731
linear_a_0109,linear_b_0147,0.9251
linear_a_0109,linear_b_0152,0.9225
linear_a_0109,linear_b_0211,0.9167
linear_a_0109,linear_b_0135,0.9072
linear_a_0109,linear_b_0080,0.9039
linear_a_0110,linear_b_0180,0.7341
linear_a_0110,linear_b_0225,0.7089
linear_a_0110,linear_b_0195,0.6869
linear_a_0110,linear_b_0222,0.6768
linear_a_0110,linear_b_0230,0.6758
linear_a_0111,linear_b_0032,0.8754
linear_a_0111,linear_b_0201,0.8685
linear_a_0111,linear_b_0128,0.8628
linear_a_0111,linear_b_0142,0.8571
linear_a_0111,linear_b_0052,0.8543
linear_a_0112,linear_b_0004,0.8842
linear_a_0112,linear_b_0021,0.8805
linear_a_0112,linear_b_0031,0.8729
linear_a_0112,linear_b_0082,0.8712
linear_a_0112,linear_b_0017,0.8698
linear_a_0113,linear_b_0211,0.9229
linear_a_0113,linear_b_0202,0.9066
linear_a_0113,linear_b_0181,0.8996
linear_a_0113,linear_b_0147,0.8994
linear_a_0113,linear_b_0024,0.8914
linear_a_0114,linear_b_0147,0.9173
linear_a_0114,linear_b_0211,0.9051
linear_a_0114,linear_b_0202,0.8907
linear_a_0114,linear_b_0015,0.8903
linear_a_0114,linear_b_0067,0.8827
linear_a_0115,linear_b_0010,0.921
linear_a_0115,linear_b_0055,0.9034
linear_a_0115,linear_b_0087,0.9031
linear_a_0115,linear_b_0007,0.898
linear_a_0115,linear_b_0046,0.8972
linear_a_0116,linear_b_0063,0.9421
linear_a_0116,linear_b_0137,0.9406
linear_a_0116,linear_b_0002,0.9374
linear_a_0116,linear_b_0038,0.9327
linear_a_0116,linear_b_0000,0.9273
linear_a_0117,linear_b_0211,0.9023
linear_a_0117,linear_b_0080,0.8825
linear_a_0117,linear_b_0202,0.8592
linear_a_0117,linear_b_0147,0.8587
linear_a_0117,linear_b_0024,0.8582
linear_a_0118,linear_b_0092,0.924
linear_a_0118,linear_b_0025,0.9225
linear_a_0118,linear_b_0088,0.9221
linear_a_0118,linear_b_0033,0.9196
linear_a_0118,linear_b_0200,0.9166
linear_a_0119,linear_b_0007,0.8542
linear_a_0119,linear_b_0150,0.8538
linear_a_0119,linear_b_0172,0.8443
linear_a_0119,linear_b_0192,0.8334
linear_a_0119,linear_b_0010,0.8277
linear_a_0120,linear_b_0031,0.8627
linear_a_0120,linear_b_0089,0.8576
linear_a_0120,linear_b_0082,0.8475
linear_a_0120,linear_b_0004,0.8406
linear_a_0120,linear_b_0021,0.8302
linear_a_0121,linear_b_0211,0.911
linear_a_0121,linear_b_0080,0.8982
linear_a_0121,linear_b_0163,0.8803
linear_a_0121,linear_b_0147,0.8607
linear_a_0121,linear_b_0067,0.8606
linear_a_0122,linear_b_0153,0.9467
linear_a_0122,linear_b_0024,0.9435
linear_a_0122,linear_b_0141,0.9408
linear_a_0122,linear_b_0082,0.9394
linear_a_0122,linear_b_0021,0.9373
linear_a_0123,linear_b_0156,0.8039
linear_a_0123,linear_b_0172,0.7959
linear_a_0123,linear_b_0150,0.7949
linear_a_0123,linear_b_0088,0.7916
linear_a_0123,linear_b_0036,0.7867
linear_a_0124,linear_b_0132,0.9009
linear_a_0124,linear_b_0130,0.895
linear_a_0124,linear_b_0133,0.8833
linear_a_0124,linear_b_0131,0.8653
linear_a_0124,linear_b_0234,0.7848
linear_a_0125,linear_b_0153,0.9524
linear_a_0125,linear_b_0019,0.9509
linear_a_0125,linear_b_0024,0.9477
linear_a_0125,linear_b_0082,0.9428
linear_a_0125,linear_b_0141,0.9419
linear_a_0126,linear_b_0049,0.9304
linear_a_0126,linear_b_0217,0.9191
linear_a_0126,linear_b_0033,0.9101
linear_a_0126,linear_b_0003,0.9093
linear_a_0126,linear_b_0092,0.902
linear_a_0127,linear_b_0042,0.8778
linear_a_0127,linear_b_0056,0.877
linear_a_0127,linear_b_0017,0.877
linear_a_0127,linear_b_0140,0.8719
linear_a_0127,linear_b_0083,0.8647
linear_a_0128,linear_b_0181,0.924
linear_a_0128,linear_b_0159,0.9119
linear_a_0128,linear_b_0019,0.9087
linear_a_0128,linear_b_0153,0.9071
linear_a_0128,linear_b_0202,0.9045
linear_a_0129,linear_b_0019,0.894
linear_a_0129,linear_b_0191,0.8833
linear_a_0129,linear_b_0021,0.8673
linear_a_0129,linear_b_0153,0.8595
linear_a_0129,linear_b_0234,0.8588
linear_a_0130,linear_b_0052,0.8842
linear_a_0130,linear_b_0032,0.8552
linear_a_0130,linear_b_0140,0.8299
linear_a_0130,linear_b_0194,0.8266
linear_a_0130,linear_b_0134,0.8217
linear_a_0131,linear_b_0190,0.8917
linear_a_0131,linear_b_0155,0.8858
linear_a_0131,linear_b_0069,0.8847
linear_a_0131,linear_b_0027,0.8782
linear_a_0131,linear_b_0080,0.8734
linear_a_0132,linear_b_0014,0.8591
linear_a_0132,linear_b_0185,0.8471
linear_a_0132,linear_b_0087,0.829
linear_a_0132,linear_b_0245,0.8286
linear_a_0132,linear_b_0163,0.8283
linear_a_0133,linear_b_0211,0.8828
linear_a_0133,linear_b_0147,0.8813
linear_a_0133,linear_b_0080,0.8791
linear_a_0133,linear_b_0015,0.8762
linear_a_0133,linear_b_0084,0.8718
linear_a_0134,linear_b_0049,0.9563
linear_a_0134,linear_b_0167,0.9296
linear_a_0134,linear_b_0033,0.9141
linear_a_0134,linear_b_0092,0.9107
linear_a_0134,linear_b_0217,0.9092
linear_a_0135,linear_b_0211,0.9199
linear_a_0135,linear_b_0080,0.9087
linear_a_0135,linear_b_0147,0.8868
linear_a_0135,linear_b_0163,0.8838
linear_a_0135,linear_b_0190,0.8721
linear_a_0136,linear_b_0019,0.8992
linear_a_0136,linear_b_0021,0.8759
linear_a_0136,linear_b_0153,0.8747
linear_a_0136,linear_b_0083,0.8679
linear_a_0136,linear_b_0191,0.8627
linear_a_0137,linear_b_0013,0.8803
linear_a_0137,linear_b_0056,0.8741
linear_a_0137,linear_b_0008,0.8622
linear_a_0137,linear_b_0022,0.853
linear_a_0137,linear_b_0090,0.8146
linear_a_0138,linear_b_0134,0.8823
linear_a_0138,linear_b_0020,0.8669
linear_a_0138,linear_b_0140,0.8667
linear_a_0138,linear_b_0129,0.8657
linear_a_0138,linear_b_0188,0.8578
linear_a_0139,linear_b_0019,0.9065
linear_a_0139,linear_b_0056,0.9031
linear_a_0139,linear_b_0013,0.8749
linear_a_0139,linear_b_0048,0.8671
linear_a_0139,linear_b_0090,0.863
linear_a_0140,linear_b_0200,0.9161
linear_a_0140,linear_b_0142,0.9027
linear_a_0140,linear_b_0017,0.8888
linear_a_0140,linear_b_0188,0.8861
linear_a_0140,linear_b_0211,0.8852
linear_a_0141,linear_b_0092,0.8395
linear_a_0141,linear_b_0176,0.8322
linear_a_0141,linear_b_0145,0.7889
linear_a_0141,linear_b_0218,0.7883
linear_a_0141,linear_b_0217,0.7751
linear_a_0142,linear_b_0141,0.9455
linear_a_0142,linear_b_0082,0.9421
linear_a_0142,linear_b_0137,0.9397
linear_a_0142,linear_b_0000,0.9357
linear_a_0142,linear_b_0024,0.9348
linear_a_0143,linear_b_0063,0.8745
linear_a_0143,linear_b_0002,0.8692
linear_a_0143,linear_b_0027,0.8674
linear_a_0143,linear_b_0025,0.861
linear_a_0143,linear_b_0080,0.8596
linear_a_0144,linear_b_0057,0.8955
linear_a_0144,linear_b_0031,0.8801
linear_a_0144,linear_b_0129,0.8757
linear_a_0144,linear_b_0181,0.8752
linear_a_0144,linear_b_0202,0.8745
linear_a_0145,linear_b_0133,0.8431
linear_a_0145,linear_b_0246,0.8403
linear_a_0145,linear_b_0134,0.8402
linear_a_0145,linear_b_0234,0.8367
linear_a_0145,linear_b_0132,0.8342
linear_a_0146,linear_b_0082,0.9449
linear_a_0146,linear_b_0005,0.9374
linear_a_0146,linear_b_0033,0.9361
linear_a_0146,linear_b_0024,0.9284
linear_a_0146,linear_b_0025,0.9277
linear_a_0147,linear_b_0024,0.9253
linear_a_0147,linear_b_0019,0.9122
linear_a_0147,linear_b_0153,0.9084
linear_a_0147,linear_b_0017,0.9041
linear_a_0147,linear_b_0141,0.9016
linear_a_0148,linear_b_0209,0.9268
linear_a_0148,linear_b_0010,0.9247
linear_a_0148,linear_b_0167,0.9073
linear_a_0148,linear_b_0253,0.9007
linear_a_0148,linear_b_0126,0.9007
linear_a_0149,linear_b_0163,0.9226
linear_a_0149,linear_b_0135,0.9225
linear_a_0149,linear_b_0157,0.9202
linear_a_0149,linear_b_0137,0.9126
linear_a_0149,linear_b_0064,0.9101
linear_a_0150,linear_b_0080,0.9189
linear_a_0150,linear_b_0211,0.9028
linear_a_0150,linear_b_0147,0.8661
linear_a_0150,linear_b_0163,0.864
linear_a_0150,linear_b_0067,0.8542
linear_a_0151,linear_b_0137,0.9283
linear_a_0151,linear_b_0067,0.9222
linear_a_0151,linear_b_0135,0.9156
linear_a_0151,linear_b_0157,0.9149
linear_a_0151,linear_b_0020,0.9137
linear_a_0152,linear_b_0019,0.9159
linear_a_0152,linear_b_0083,0.9004
linear_a_0152,linear_b_0017,0.899
linear_a_0152,linear_b_0057,0.8841
linear_a_0152,linear_b_0016,0.8836
linear_a_0153,linear_b_0137,0.9201
linear_a_0153,linear_b_0082,0.9177
linear_a_0153,linear_b_0021,0.9161
linear_a_0153,linear_b_0004,0.9153
linear_a_0153,linear_b_0031,0.9141
linear_a_0154,linear_b_0171,0.8545
linear_a_0154,linear_b_0163,0.8507
linear_a_0154,linear_b_0077,0.8438
linear_a_0154,linear_b_0065,0.8393
linear_a_0154,linear_b_0134,0.8138
linear_a_0155,linear_b_0019,0.933
linear_a_0155,linear_b_0181,0.9272
linear_a_0155,linear_b_0058,0.9244
linear_a_0155,linear_b_0159,0.9236
linear_a_0155,linear_b_0153,0.9226
linear_a_0156,linear_b_0211,0.9083
linear_a_0156,linear_b_0064,0.8989
linear_a_0156,linear_b_0044,0.8783
linear_a_0156,linear_b_0067,0.878
linear_a_0156,linear_b_0147,0.8777
linear_a_0157,linear_b_0083,0.858
linear_a_0157,linear_b_0139,0.8383
linear_a_0157,linear_b_0057,0.8197
linear_a_0157,linear_b_0023,0.8193
linear_a_0157,linear_b_0019,0.8119
linear_a_0158,linear_b_0167,0.9607
linear_a_0158,linear_b_0049,0.9581
linear_a_0158,linear_b_0117,0.9312
linear_a_0158,linear_b_0109,0.9312
linear_a_0158,linear_b_0110,0.9312
linear_a_0159,linear_b_0093,0.8555
linear_a_0159,linear_b_0020,0.8291
linear_a_0159,linear_b_0157,0.8065
linear_a_0159,linear_b_0006,0.8058
linear_a_0159,linear_b_0163,0.803
linear_a_0160,linear_b_0088,0.8874
linear_a_0160,linear_b_0092,0.8803
linear_a_0160,linear_b_0168,0.878
linear_a_0160,linear_b_0017,0.8764
linear_a_0160,linear_b_0025,0.8662
linear_a_0161,linear_b_0017,0.9024
linear_a_0161,linear_b_0088,0.8996
linear_a_0161,linear_b_0025,0.8875
linear_a_0161,linear_b_0092,0.8837
linear_a_0161,linear_b_0217,0.8787
linear_a_0162,linear_b_0254,0.7919
linear_a_0162,linear_b_0107,0.7919
linear_a_0162,linear_b_0109,0.7919
linear_a_0162,linear_b_0110,0.7919
linear_a_0162,linear_b_0111,0.7919
linear_a_0163,linear_b_0228,0.7838
linear_a_0163,linear_b_0241,0.7735
linear_a_0163,linear_b_0075,0.7726
linear_a_0163,linear_b_0244,0.7717
linear_a_0163,linear_b_0232,0.7676
linear_a_0164,linear_b_0017,0.8477
linear_a_0164,linear_b_0003,0.844
linear_a_0164,linear_b_0234,0.8279
linear_a_0164,linear_b_0071,0.8271
linear_a_0164,linear_b_0217,0.8245
linear_a_0165,linear_b_0235,0.8469
linear_a_0165,linear_b_0237,0.8185
linear_a_0165,linear_b_0227,0.808
linear_a_0165,linear_b_0249,0.8053
linear_a_0165,linear_b_0226,0.8023
linear_a_0166,linear_b_0237,0.8482
linear_a_0166,linear_b_0226,0.8128
linear_a_0166,linear_b_0235,0.8014
linear_a_0166,linear_b_0018,0.8013
linear_a_0166,linear_b_0225,0.7858
linear_a_0167,linear_b_0237,0.8273
linear_a_0167,linear_b_0226,0.7888
linear_a_0167,linear_b_0225,0.7714
linear_a_0167,linear_b_0242,0.7614
linear_a_0167,linear_b_0232,0.7598
linear_a_0168,linear_b_0155,0.8554
linear_a_0168,linear_b_0069,0.8536
linear_a_0168,linear_b_0017,0.8481
linear_a_0168,linear_b_0188,0.8469
linear_a_0168,linear_b_0084,0.8294
linear_a_0169,linear_b_0188,0.851
linear_a_0169,linear_b_0093,0.8459
linear_a_0169,linear_b_0190,0.8451
linear_a_0169,linear_b_0240,0.8426
linear_a_0169,linear_b_0221,0.8414
linear_a_0170,linear_b_0224,0.8744
linear_a_0170,linear_b_0226,0.8627
linear_a_0170,linear_b_0235,0.8423
linear_a_0170,linear_b_0044,0.8287
linear_a_0170,linear_b_0035,0.8266
linear_a_0171,linear_b_0163,0.8619
linear_a_0171,linear_b_0069,0.8594
linear_a_0171,linear_b_0188,0.8586
linear_a_0171,linear_b_0190,0.8553
linear_a_0171,linear_b_0142,0.8493
linear_a_0172,linear_b_0227,0.9173
linear_a_0172,linear_b_0240,0.9138
linear_a_0172,linear_b_0228,0.9116
linear_a_0172,linear_b_0235,0.8866
linear_a_0172,linear_b_0229,0.8863
linear_a_0173,linear_b_0228,0.9198
linear_a_0173,linear_b_0232,0.9124
linear_a_0173,linear_b_0227,0.906
linear_a_0173,linear_b_0229,0.8882
linear_a_0173,linear_b_0237,0.879
linear_a_0174,linear_b_0237,0.9115
linear_a_0174,linear_b_0238,0.8809
linear_a_0174,linear_b_0228,0.8784
linear_a_0174,linear_b_0240,0.8726
linear_a_0174,linear_b_0227,0.8691
linear_a_0175,linear_b_0225,0.8835
linear_a_0175,linear_b_0228,0.8677
linear_a_0175,linear_b_0244,0.8655
linear_a_0175,linear_b_0232,0.862
linear_a_0175,linear_b_0237,0.8435
linear_a_0176,linear_b_0228,0.9196
linear_a_0176,linear_b_0227,0.9012
linear_a_0176,linear_b_0232,0.8792
linear_a_0176,linear_b_0229,0.8753
linear_a_0176,linear_b_0240,0.8665
linear_a_0177,linear_b_0237,0.695
linear_a_0177,linear_b_0235,0.6918
linear_a_0177,linear_b_0077,0.6749
linear_a_0177,linear_b_0242,0.6717
linear_a_0177,linear_b_0150,0.6685
linear_a_0178,linear_b_0246,0.8474
linear_a_0178,linear_b_0031,0.8379
linear_a_0178,linear_b_0234,0.834
linear_a_0178,linear_b_0057,0.8188
linear_a_0178,linear_b_0021,0.8171
linear_a_0179,linear_b_0002,0.9304
linear_a_0179,linear_b_0025,0.9296
linear_a_0179,linear_b_0005,0.9289
linear_a_0179,linear_b_0137,0.9268
linear_a_0179,linear_b_0000,0.9251
linear_a_0180,linear_b_0141,0.9598
linear_a_0180,linear_b_0024,0.9377
linear_a_0180,linear_b_0064,0.9353
linear_a_0180,linear_b_0135,0.9301
linear_a_0180,linear_b_0157,0.9301
linear_a_0181,linear_b_0082,0.954
linear_a_0181,linear_b_0159,0.9439
linear_a_0181,linear_b_0024,0.9406
linear_a_0181,linear_b_0076,0.9384
linear_a_0181,linear_b_0153,0.9335
linear_a_0182,linear_b_0030,0.9744
linear_a_0182,linear_b_0043,0.9701
linear_a_0182,linear_b_0053,0.9582
linear_a_0182,linear_b_0179,0.9543
linear_a_0182,linear_b_0038,0.9285
linear_a_0183,linear_b_0030,0.9552
linear_a_0183,linear_b_0179,0.9515
linear_a_0183,linear_b_0053,0.9289
linear_a_0183,linear_b_0137,0.9161
linear_a_0183,linear_b_0043,0.9122
linear_a_0184,linear_b_0157,0.8929
linear_a_0184,linear_b_0029,0.8863
linear_a_0184,linear_b_0211,0.8845
linear_a_0184,linear_b_0214,0.8797
linear_a_0184,linear_b_0141,0.8743
linear_a_0185,linear_b_0080,0.9076
linear_a_0185,linear_b_0211,0.9052
linear_a_0185,linear_b_0163,0.8736
linear_a_0185,linear_b_0017,0.8698
linear_a_0185,linear_b_0142,0.8676
linear_a_0186,linear_b_0017,0.8897
linear_a_0186,linear_b_0021,0.8727
linear_a_0186,linear_b_0153,0.8682
linear_a_0186,linear_b_0163,0.8603
linear_a_0186,linear_b_0249,0.8601
linear_a_0187,linear_b_0017,0.883
linear_a_0187,linear_b_0021,0.8713
linear_a_0187,linear_b_0249,0.865
linear_a_0187,linear_b_0003,0.8643
linear_a_0187,linear_b_0153,0.8642
linear_a_0188,linear_b_0234,0.9082
linear_a_0188,linear_b_0153,0.897
linear_a_0188,linear_b_0182,0.8918
linear_a_0188,linear_b_0021,0.8906
linear_a_0188,linear_b_0024,0.8832
linear_a_0189,linear_b_0141,0.9653
linear_a_0189,linear_b_0137,0.948
linear_a_0189,linear_b_0153,0.9439
linear_a_0189,linear_b_0024,0.9394
linear_a_0189,linear_b_0157,0.9329
linear_a_0190,linear_b_0137,0.9266
linear_a_0190,linear_b_0135,0.9212
linear_a_0190,linear_b_0200,0.9186
linear_a_0190,linear_b_0163,0.9039
linear_a_0190,linear_b_0157,0.8958
linear_a_0191,linear_b_0064,0.9438
linear_a_0191,linear_b_0141,0.9342
linear_a_0191,linear_b_0024,0.9242
linear_a_0191,linear_b_0157,0.9238
linear_a_0191,linear_b_0153,0.9222
linear_a_0192,linear_b_0157,0.9026
linear_a_0192,linear_b_0020,0.8991
linear_a_0192,linear_b_0137,0.8903
linear_a_0192,linear_b_0067,0.8881
linear_a_0192,linear_b_0135,0.8867
linear_a_0193,linear_b_0159,0.9572
linear_a_0193,linear_b_0153,0.9428
linear_a_0193,linear_b_0076,0.9418
linear_a_0193,linear_b_0082,0.9365
linear_a_0193,linear_b_0143,0.9279
linear_a_0194,linear_b_0141,0.9588
linear_a_0194,linear_b_0024,0.9498
linear_a_0194,linear_b_0153,0.9494
linear_a_0194,linear_b_0137,0.948
linear_a_0194,linear_b_0082,0.9421
linear_a_0195,linear_b_0063,0.9575
linear_a_0195,linear_b_0047,0.9151
linear_a_0195,linear_b_0000,0.9089
linear_a_0195,linear_b_0093,0.9066
linear_a_0195,linear_b_0137,0.9024
linear_a_0196,linear_b_0017,0.9134
linear_a_0196,linear_b_0153,0.9104
linear_a_0196,linear_b_0169,0.8963
linear_a_0196,linear_b_0019,0.8958
linear_a_0196,linear_b_0234,0.8932
linear_a_0197,linear_b_0194,0.8706
linear_a_0197,linear_b_0171,0.8594
linear_a_0197,linear_b_0163,0.8298
linear_a_0197,linear_b_0201,0.8185
linear_a_0197,linear_b_0170,0.8103
linear_a_0198,linear_b_0194,0.878
linear_a_0198,linear_b_0128,0.8373
linear_a_0198,linear_b_0155,0.8373
linear_a_0198,linear_b_0142,0.8352
linear_a_0198,linear_b_0190,0.835
linear_a_0199,linear_b_0087,0.8752
linear_a_0199,linear_b_0145,0.8722
linear_a_0199,linear_b_0157,0.8696
linear_a_0199,linear_b_0154,0.8691
linear_a_0199,linear_b_0031,0.8658
linear_a_0200,linear_b_0141,0.9588
linear_a_0200,linear_b_0157,0.9582
linear_a_0200,linear_b_0137,0.9544
linear_a_0200,linear_b_0153,0.943
linear_a_0200,linear_b_0064,0.9414
linear_a_0201,linear_b_0141,0.9725
linear_a_0201,linear_b_0024,0.9661
linear_a_0201,linear_b_0153,0.9493
linear_a_0201,linear_b_0064,0.9487
linear_a_0201,linear_b_0000,0.9481
linear_a_0202,linear_b_0139,0.9012
linear_a_0202,linear_b_0067,0.8976
linear_a_0202,linear_b_0182,0.8858
linear_a_0202,linear_b_0163,0.8829
linear_a_0202,linear_b_0017,0.8797
linear_a_0203,linear_b_0153,0.9195
linear_a_0203,linear_b_0182,0.9099
linear_a_0203,linear_b_0234,0.9075
linear_a_0203,linear_b_0141,0.9048
linear_a_0203,linear_b_0024,0.893
linear_a_0204,linear_b_0163,0.863
linear_a_0204,linear_b_0028,0.8561
linear_a_0204,linear_b_0157,0.8509
linear_a_0204,linear_b_0073,0.8496
linear_a_0204,linear_b_0200,0.8486
linear_a_0205,linear_b_0137,0.9154
linear_a_0205,linear_b_0214,0.913
linear_a_0205,linear_b_0021,0.9087
linear_a_0205,linear_b_0213,0.9062
linear_a_0205,linear_b_0153,0.9052
linear_a_0206,linear_b_0025,0.9197
linear_a_0206,linear_b_0000,0.9118
linear_a_0206,linear_b_0141,0.9116
linear_a_0206,linear_b_0137,0.9111
linear_a_0206,linear_b_0154,0.9095
linear_a_0207,linear_b_0088,0.9374
linear_a_0207,linear_b_0157,0.9248
linear_a_0207,linear_b_0000,0.9204
linear_a_0207,linear_b_0049,0.919
linear_a_0207,linear_b_0159,0.9145
linear_a_0208,linear_b_0036,0.8475
linear_a_0208,linear_b_0156,0.8415
linear_a_0208,linear_b_0211,0.8221
linear_a_0208,linear_b_0147,0.8137
linear_a_0208,linear_b_0172,0.8057
linear_a_0209,linear_b_0087,0.8929
linear_a_0209,linear_b_0158,0.8747
linear_a_0209,linear_b_0135,0.8618
linear_a_0209,linear_b_0145,0.8606
linear_a_0209,linear_b_0073,0.8592
linear_a_0210,linear_b_0186,0.8703
linear_a_0210,linear_b_0087,0.8659
linear_a_0210,linear_b_0145,0.8637
linear_a_0210,linear_b_0147,0.8636
linear_a_0210,linear_b_0192,0.8612
linear_a_0211,linear_b_0159,0.9415
linear_a_0211,linear_b_0143,0.9392
linear_a_0211,linear_b_0153,0.9383
linear_a_0211,linear_b_0061,0.9363
linear_a_0211,linear_b_0076,0.9263
linear_a_0212,linear_b_0029,0.9367
linear_a_0212,linear_b_0153,0.9305
linear_a_0212,linear_b_0159,0.9296
linear_a_0212,linear_b_0181,0.9274
linear_a_0212,linear_b_0076,0.9262
linear_a_0213,linear_b_0182,0.8778
linear_a_0213,linear_b_0211,0.8713
linear_a_0213,linear_b_0234,0.8632
linear_a_0213,linear_b_0141,0.8629
linear_a_0213,linear_b_0024,0.8594
linear_a_0214,linear_b_0153,0.9665
linear_a_0214,linear_b_0141,0.9546
linear_a_0214,linear_b_0024,0.9472
linear_a_0214,linear_b_0021,0.9388
linear_a_0214,linear_b_0082,0.9369
linear_a_0215,linear_b_0179,0.9174
linear_a_0215,linear_b_0142,0.9124
linear_a_0215,linear_b_0190,0.9114
linear_a_0215,linear_b_0063,0.9062
linear_a_0215,linear_b_0053,0.9001
linear_a_0216,linear_b_0195,0.8925
linear_a_0216,linear_b_0217,0.8802
linear_a_0216,linear_b_0092,0.8744
linear_a_0216,linear_b_0181,0.865
linear_a_0216,linear_b_0129,0.8635
linear_a_0217,linear_b_0145,0.8727
linear_a_0217,linear_b_0214,0.8699
linear_a_0217,linear_b_0025,0.8608
linear_a_0217,linear_b_0213,0.86
linear_a_0217,linear_b_0087,0.8599
linear_a_0218,linear_b_0189,0.8655
linear_a_0218,linear_b_0188,0.8518
linear_a_0218,linear_b_0240,0.8511
linear_a_0218,linear_b_0185,0.8505
linear_a_0218,linear_b_0142,0.8462
linear_a_0219,linear_b_0129,0.8853
linear_a_0219,linear_b_0145,0.8622
linear_a_0219,linear_b_0081,0.8586
linear_a_0219,linear_b_0028,0.8541
linear_a_0219,linear_b_0004,0.8514
linear_a_0220,linear_b_0147,0.8978
linear_a_0220,linear_b_0172,0.8919
linear_a_0220,linear_b_0181,0.8741
linear_a_0220,linear_b_0088,0.8699
linear_a_0220,linear_b_0145,0.8675
linear_a_0221,linear_b_0159,0.9507
linear_a_0221,linear_b_0082,0.9484
linear_a_0221,linear_b_0076,0.944
linear_a_0221,linear_b_0153,0.942
linear_a_0221,linear_b_0021,0.9284
linear_a_0222,linear_b_0147,0.9513
linear_a_0222,linear_b_0015,0.8927
linear_a_0222,linear_b_0211,0.8816
linear_a_0222,linear_b_0080,0.8728
linear_a_0222,linear_b_0067,0.8726
linear_a_0223,linear_b_0147,0.9124
linear_a_0223,linear_b_0211,0.9077
linear_a_0223,linear_b_0148,0.9065
linear_a_0223,linear_b_0141,0.8999
linear_a_0223,linear_b_0157,0.8969
linear_a_0224,linear_b_0213,0.906
linear_a_0224,linear_b_0214,0.9032
linear_a_0224,linear_b_0006,0.894
linear_a_0224,linear_b_0016,0.8884
linear_a_0224,linear_b_0250,0.874
linear_a_0225,linear_b_0063,0.905
linear_a_0225,linear_b_0088,0.9006
linear_a_0225,linear_b_0092,0.8867
linear_a_0225,linear_b_0188,0.8838
linear_a_0225,linear_b_0025,0.8784
linear_a_0226,linear_b_0163,0.8721
linear_a_0226,linear_b_0188,0.8625
linear_a_0226,linear_b_0155,0.8569
linear_a_0226,linear_b_0142,0.8526
linear_a_0226,linear_b_0190,0.8447
linear_a_0227,linear_b_0088,0.8789
linear_a_0227,linear_b_0145,0.8627
linear_a_0227,linear_b_0077,0.8539
linear_a_0227,linear_b_0006,0.8526
linear_a_0227,linear_b_0016,0.8498
linear_a_0228,linear_b_0214,0.8611
linear_a_0228,linear_b_0213,0.8437
linear_a_0228,linear_b_0250,0.8295
linear_a_0228,linear_b_0211,0.8292
linear_a_0228,linear_b_0148,0.827
linear_a_0229,linear_b_0016,0.8925
linear_a_0229,linear_b_0234,0.8925
linear_a_0229,linear_b_0057,0.8921
linear_a_0229,linear_b_0157,0.8898
linear_a_0229,linear_b_0006,0.8877
linear_a_0230,linear_b_0014,0.8919
linear_a_0230,linear_b_0087,0.888
linear_a_0230,linear_b_0092,0.8816
linear_a_0230,linear_b_0093,0.8802
linear_a_0230,linear_b_0188,0.8794
linear_a_0231,linear_b_0016,0.9142
linear_a_0231,linear_b_0006,0.9125
linear_a_0231,linear_b_0169,0.9029
linear_a_0231,linear_b_0017,0.8994
linear_a_0231,linear_b_0153,0.8988
linear_a_0232,linear_b_0169,0.8832
linear_a_0232,linear_b_0014,0.8768
linear_a_0232,linear_b_0154,0.8577
linear_a_0232,linear_b_0006,0.8549
linear_a_0232,linear_b_0004,0.8538
linear_a_0233,linear_b_0016,0.9171
linear_a_0233,linear_b_0017,0.9099
linear_a_0233,linear_b_0153,0.9031
linear_a_0233,linear_b_0006,0.8969
linear_a_0233,linear_b_0024,0.8953
linear_a_0234,linear_b_0016,0.9327
linear_a_0234,linear_b_0006,0.9274
linear_a_0234,linear_b_0141,0.9162
linear_a_0234,linear_b_0017,0.9138
linear_a_0234,linear_b_0153,0.9107
linear_a_0235,linear_b_0017,0.9079
linear_a_0235,linear_b_0016,0.9075
linear_a_0235,linear_b_0006,0.904
linear_a_0235,linear_b_0153,0.9018
linear_a_0235,linear_b_0141,0.9013
linear_a_0236,linear_b_0147,0.9347
linear_a_0236,linear_b_0135,0.922
linear_a_0236,linear_b_0211,0.9214
linear_a_0236,linear_b_0080,0.919
linear_a_0236,linear_b_0141,0.914
linear_a_0237,linear_b_0135,0.9312
linear_a_0237,linear_b_0147,0.9309
linear_a_0237,linear_b_0080,0.9258
linear_a_0237,linear_b_0137,0.9254
linear_a_0237,linear_b_0179,0.9222
linear_a_0238,linear_b_0016,0.9448
linear_a_0238,linear_b_0006,0.9332
linear_a_0238,linear_b_0157,0.9244
linear_a_0238,linear_b_0153,0.9235
linear_a_0238,linear_b_0020,0.9114
linear_a_0239,linear_b_0141,0.9461
linear_a_0239,linear_b_0182,0.943
linear_a_0239,linear_b_0153,0.9331
linear_a_0239,linear_b_0137,0.9308
linear_a_0239,linear_b_0211,0.9249
linear_a_0240,linear_b_0157,0.9193
linear_a_0240,linear_b_0137,0.9192
linear_a_0240,linear_b_0141,0.9138
linear_a_0240,linear_b_0211,0.9051
linear_a_0240,linear_b_0154,0.9049
linear_a_0241,linear_b_0147,0.8966
linear_a_0241,linear_b_0211,0.8833
linear_a_0241,linear_b_0148,0.8701
linear_a_0241,linear_b_0156,0.8561
linear_a_0241,linear_b_0172,0.8507
linear_a_0242,linear_b_0211,0.9331
linear_a_0242,linear_b_0147,0.9065
linear_a_0242,linear_b_0137,0.9015
linear_a_0242,linear_b_0148,0.9012
linear_a_0242,linear_b_0164,0.9004
linear_a_0243,linear_b_0211,0.945
linear_a_0243,linear_b_0137,0.9446
linear_a_0243,linear_b_0141,0.9441
linear_a_0243,linear_b_0147,0.9426
linear_a_0243,linear_b_0135,0.9392
linear_a_0244,linear_b_0017,0.9266
linear_a_0244,linear_b_0064,0.918
linear_a_0244,linear_b_0067,0.9172
linear_a_0244,linear_b_0211,0.9143
linear_a_0244,linear_b_0024,0.9115
linear_a_0245,linear_b_0141,0.943
linear_a_0245,linear_b_0153,0.9399
linear_a_0245,linear_b_0024,0.9362
linear_a_0245,linear_b_0211,0.9342
linear_a_0245,linear_b_0017,0.9333
linear_a_0246,linear_b_0211,0.937
linear_a_0246,linear_b_0017,0.9364
linear_a_0246,linear_b_0153,0.935
linear_a_0246,linear_b_0067,0.9238
linear_a_0246,linear_b_0141,0.9238
linear_a_0247,linear_b_0153,0.9685
linear_a_0247,linear_b_0159,0.9572
linear_a_0247,linear_b_0141,0.9542
linear_a_0247,linear_b_0157,0.9463
linear_a_0247,linear_b_0024,0.9452
linear_a_0248,linear_b_0141,0.9478
linear_a_0248,linear_b_0153,0.9453
linear_a_0248,linear_b_0157,0.9427
linear_a_0248,linear_b_0024,0.9386
linear_a_0248,linear_b_0211,0.9336
linear_a_0249,linear_b_0157,0.9378
linear_a_0249,linear_b_0061,0.9348
linear_a_0249,linear_b_0153,0.9302
linear_a_0249,linear_b_0141,0.9283
linear_a_0249,linear_b_0029,0.916
linear_a_0250,linear_b_0211,0.8953
linear_a_0250,linear_b_0080,0.8888
linear_a_0250,linear_b_0182,0.8842
linear_a_0250,linear_b_0017,0.8737
linear_a_0250,linear_b_0157,0.8713
linear_a_0251,linear_b_0150,0.9122
linear_a_0251,linear_b_0186,0.875
linear_a_0251,linear_b_0168,0.8701
linear_a_0251,linear_b_0088,0.8673
linear_a_0251,linear_b_0087,0.8389
linear_a_0252,linear_b_0168,0.9437
linear_a_0252,linear_b_0219,0.9164
linear_a_0252,linear_b_0055,0.9148
linear_a_0252,linear_b_0185,0.9129
linear_a_0252,linear_b_0192,0.9093
linear_a_0253,linear_b_0046,0.921
linear_a_0253,linear_b_0192,0.9202
linear_a_0253,linear_b_0154,0.9153
linear_a_0253,linear_b_0014,0.9093
linear_a_0253,linear_b_0033,0.8901
linear_a_0254,linear_b_0192,0.9389
linear_a_0254,linear_b_0014,0.9246
linear_a_0254,linear_b_0185,0.9137
linear_a_0254,linear_b_0046,0.9132
linear_a_0254,linear_b_0154,0.9052
linear_a_0255,linear_b_0154,0.9206
linear_a_0255,linear_b_0061,0.9191
linear_a_0255,linear_b_0159,0.9177
linear_a_0255,linear_b_0141,0.9161
linear_a_0255,linear_b_0046,0.9116
linear_a_0256,linear_b_0046,0.9243
linear_a_0256,linear_b_0154,0.9237
linear_a_0256,linear_b_0159,0.9206
linear_a_0256,linear_b_0024,0.9175
linear_a_0256,linear_b_0141,0.9165
linear_a_0257,linear_b_0147,0.8996
linear_a_0257,linear_b_0185,0.8887
linear_a_0257,linear_b_0211,0.8797
linear_a_0257,linear_b_0192,0.8701
linear_a_0257,linear_b_0088,0.8674
linear_a_0258,linear_b_0154,0.9254
linear_a_0258,linear_b_0092,0.9078
linear_a_0258,linear_b_0046,0.9071
linear_a_0258,linear_b_0087,0.9069
linear_a_0258,linear_b_0049,0.9068
linear_a_0259,linear_b_0031,0.9346
linear_a_0259,linear_b_0153,0.9331
linear_a_0259,linear_b_0024,0.9317
linear_a_0259,linear_b_0141,0.9285
linear_a_0259,linear_b_0082,0.9197
linear_a_0260,linear_b_0031,0.9317
linear_a_0260,linear_b_0153,0.9167
linear_a_0260,linear_b_0082,0.9067
linear_a_0260,linear_b_0159,0.9051
linear_a_0260,linear_b_0076,0.9024
linear_a_0261,linear_b_0024,0.9566
linear_a_0261,linear_b_0082,0.9474
linear_a_0261,linear_b_0153,0.9459
linear_a_0261,linear_b_0141,0.9444
linear_a_0261,linear_b_0159,0.9421
linear_a_0262,linear_b_0031,0.9432
linear_a_0262,linear_b_0076,0.9361
linear_a_0262,linear_b_0153,0.9315
linear_a_0262,linear_b_0159,0.93
linear_a_0262,linear_b_0082,0.9283
linear_a_0263,linear_b_0088,0.925
linear_a_0263,linear_b_0145,0.8976
linear_a_0263,linear_b_0168,0.8819
linear_a_0263,linear_b_0217,0.8803
linear_a_0263,linear_b_0092,0.8751
linear_a_0264,linear_b_0169,0.873
linear_a_0264,linear_b_0019,0.8684
linear_a_0264,linear_b_0153,0.8654
linear_a_0264,linear_b_0076,0.8618
linear_a_0264,linear_b_0024,0.8488
linear_a_0265,linear_b_0057,0.9079
linear_a_0265,linear_b_0021,0.9001
linear_a_0265,linear_b_0019,0.8982
linear_a_0265,linear_b_0061,0.8978
linear_a_0265,linear_b_0153,0.8906
linear_a_0266,linear_b_0141,0.9391
linear_a_0266,linear_b_0153,0.9357
linear_a_0266,linear_b_0021,0.9282
linear_a_0266,linear_b_0019,0.9251
linear_a_0266,linear_b_0058,0.9224
linear_a_0267,linear_b_0141,0.9411
linear_a_0267,linear_b_0137,0.9387
linear_a_0267,linear_b_0135,0.9213
linear_a_0267,linear_b_0019,0.9206
linear_a_0267,linear_b_0153,0.9184
linear_a_0268,linear_b_0019,0.942
linear_a_0268,linear_b_0057,0.9332
linear_a_0268,linear_b_0153,0.9203
linear_a_0268,linear_b_0021,0.9145
linear_a_0268,linear_b_0058,0.907
linear_a_0269,linear_b_0153,0.9298
linear_a_0269,linear_b_0058,0.9225
linear_a_0269,linear_b_0141,0.9225
linear_a_0269,linear_b_0061,0.9163
linear_a_0269,linear_b_0019,0.9152
linear_a_0270,linear_b_0194,0.9076
linear_a_0270,linear_b_0171,0.8712
linear_a_0270,linear_b_0080,0.8578
linear_a_0270,linear_b_0188,0.8543
linear_a_0270,linear_b_0145,0.8519
linear_a_0271,linear_b_0019,0.9313
linear_a_0271,linear_b_0031,0.9271
linear_a_0271,linear_b_0153,0.9253
linear_a_0271,linear_b_0061,0.9215
linear_a_0271,linear_b_0024,0.9206
linear_a_0272,linear_b_0153,0.9454
linear_a_0272,linear_b_0058,0.9339
linear_a_0272,linear_b_0159,0.9337
linear_a_0272,linear_b_0031,0.9289
linear_a_0272,linear_b_0061,0.9276
linear_a_0273,linear_b_0031,0.9326
linear_a_0273,linear_b_0153,0.9322
linear_a_0273,linear_b_0058,0.9307
linear_a_0273,linear_b_0076,0.9259
linear_a_0273,linear_b_0061,0.9228
linear_a_0274,linear_b_0021,0.9103
linear_a_0274,linear_b_0017,0.9101
linear_a_0274,linear_b_0057,0.906
linear_a_0274,linear_b_0153,0.899
linear_a_0274,linear_b_0004,0.892
linear_a_0275,linear_b_0017,0.9121
linear_a_0275,linear_b_0028,0.8839
linear_a_0275,linear_b_0021,0.8759
linear_a_0275,linear_b_0077,0.8742
linear_a_0275,linear_b_0006,0.8724
linear_a_0276,linear_b_0182,0.9002
linear_a_0276,linear_b_0153,0.8994
linear_a_0276,linear_b_0234,0.8955
linear_a_0276,linear_b_0017,0.8932
linear_a_0276,linear_b_0157,0.8903
linear_a_0277,linear_b_0245,0.8909
linear_a_0277,linear_b_0139,0.8721
linear_a_0277,linear_b_0080,0.8712
linear_a_0277,linear_b_0017,0.8706
linear_a_0277,linear_b_0182,0.8702
linear_a_0278,linear_b_0017,0.9363
linear_a_0278,linear_b_0153,0.9117
linear_a_0278,linear_b_0028,0.9092
linear_a_0278,linear_b_0031,0.9017
linear_a_0278,linear_b_0021,0.9012
linear_a_0279,linear_b_0019,0.9069
linear_a_0279,linear_b_0153,0.8872
linear_a_0279,linear_b_0061,0.8825
linear_a_0279,linear_b_0021,0.8791
linear_a_0279,linear_b_0056,0.8779
linear_a_0280,linear_b_0214,0.8755
linear_a_0280,linear_b_0234,0.8716
linear_a_0280,linear_b_0213,0.8628
linear_a_0280,linear_b_0157,0.8614
linear_a_0280,linear_b_0156,0.8593
linear_a_0281,linear_b_0024,0.926
linear_a_0281,linear_b_0019,0.9243
linear_a_0281,linear_b_0153,0.9229
linear_a_0281,linear_b_0082,0.9205
linear_a_0281,linear_b_0159,0.9152
linear_a_0282,linear_b_0019,0.918
linear_a_0282,linear_b_0024,0.9075
linear_a_0282,linear_b_0048,0.9039
linear_a_0282,linear_b_0037,0.9028
linear_a_0282,linear_b_0153,0.9012
linear_a_0283,linear_b_0025,0.8987
linear_a_0283,linear_b_0157,0.8981
linear_a_0283,linear_b_0141,0.8978
linear_a_0283,linear_b_0137,0.8971
linear_a_0283,linear_b_0082,0.8967
linear_a_0284,linear_b_0213,0.901
linear_a_0284,linear_b_0157,0.8944
linear_a_0284,linear_b_0025,0.8852
linear_a_0284,linear_b_0214,0.879
linear_a_0284,linear_b_0137,0.8774
linear_a_0285,linear_b_0063,0.9509
linear_a_0285,linear_b_0137,0.9456
linear_a_0285,linear_b_0179,0.9301
linear_a_0285,linear_b_0025,0.9255
linear_a_0285,linear_b_0002,0.9185
linear_a_0286,linear_b_0019,0.9018
linear_a_0286,linear_b_0153,0.9016
linear_a_0286,linear_b_0182,0.8905
linear_a_0286,linear_b_0159,0.8878
linear_a_0286,linear_b_0024,0.8872
linear_a_0287,linear_b_0169,0.9224
linear_a_0287,linear_b_0141,0.9059
linear_a_0287,linear_b_0153,0.9036
linear_a_0287,linear_b_0016,0.9014
linear_a_0287,linear_b_0020,0.9008
linear_a_0288,linear_b_0014,0.8878
linear_a_0288,linear_b_0194,0.8832
linear_a_0288,linear_b_0087,0.8593
linear_a_0288,linear_b_0169,0.8577
linear_a_0288,linear_b_0069,0.8565
linear_a_0289,linear_b_0137,0.9349
linear_a_0289,linear_b_0141,0.9297
linear_a_0289,linear_b_0135,0.9223
linear_a_0289,linear_b_0182,0.9184
linear_a_0289,linear_b_0038,0.9176
linear_a_0290,linear_b_0080,0.8543
linear_a_0290,linear_b_0069,0.848
linear_a_0290,linear_b_0027,0.8462
linear_a_0290,linear_b_0183,0.8452
linear_a_0290,linear_b_0190,0.8434
linear_a_0291,linear_b_0016,0.9288
linear_a_0291,linear_b_0006,0.9156
linear_a_0291,linear_b_0159,0.9121
linear_a_0291,linear_b_0082,0.9109
linear_a_0291,linear_b_0153,0.9107
linear_a_0292,linear_b_0169,0.8901
linear_a_0292,linear_b_0006,0.883
linear_a_0292,linear_b_0017,0.8821
linear_a_0292,linear_b_0020,0.8709
linear_a_0292,linear_b_0080,0.865
linear_a_0293,linear_b_0153,0.9468
linear_a_0293,linear_b_0141,0.9325
linear_a_0293,linear_b_0159,0.9324
linear_a_0293,linear_b_0061,0.9245
linear_a_0293,linear_b_0058,0.9227
linear_a_0294,linear_b_0153,0.9116
linear_a_0294,linear_b_0019,0.9115
linear_a_0294,linear_b_0234,0.9013
linear_a_0294,linear_b_0024,0.8891
linear_a_0294,linear_b_0191,0.8838
linear_a_0295,linear_b_0017,0.9354
linear_a_0295,linear_b_0129,0.899
linear_a_0295,linear_b_0058,0.8955
linear_a_0295,linear_b_0024,0.8827
linear_a_0295,linear_b_0068,0.8821
linear_a_0296,linear_b_0028,0.8788
linear_a_0296,linear_b_0017,0.8665
linear_a_0296,linear_b_0025,0.8626
linear_a_0296,linear_b_0157,0.8605
linear_a_0296,linear_b_0214,0.85
linear_a_0297,linear_b_0163,0.9101
linear_a_0297,linear_b_0064,0.8979
linear_a_0297,linear_b_0026,0.8855
linear_a_0297,linear_b_0067,0.8855
linear_a_0297,linear_b_0182,0.8847
linear_a_0298,linear_b_0153,0.9417
linear_a_0298,linear_b_0159,0.9341
linear_a_0298,linear_b_0058,0.9289
linear_a_0298,linear_b_0024,0.9258
linear_a_0298,linear_b_0017,0.9255
linear_a_0299,linear_b_0006,0.9247
linear_a_0299,linear_b_0017,0.9232
linear_a_0299,linear_b_0016,0.9143
linear_a_0299,linear_b_0063,0.9134
linear_a_0299,linear_b_0025,0.91
linear_a_0300,linear_b_0234,0.9126
linear_a_0300,linear_b_0028,0.8918
linear_a_0300,linear_b_0217,0.8905
linear_a_0300,linear_b_0157,0.8825
linear_a_0300,linear_b_0068,0.882
linear_a_0301,linear_b_0068,0.8922
linear_a_0301,linear_b_0028,0.8892
linear_a_0301,linear_b_0234,0.889
linear_a_0301,linear_b_0017,0.8866
linear_a_0301,linear_b_0058,0.8852
linear_a_0302,linear_b_0235,0.8223
linear_a_0302,linear_b_0207,0.8153
linear_a_0302,linear_b_0190,0.811
linear_a_0302,linear_b_0227,0.8095
linear_a_0302,linear_b_0155,0.8093
linear_a_0303,linear_b_0196,0.8872
linear_a_0303,linear_b_0242,0.8834
linear_a_0303,linear_b_0223,0.8767
linear_a_0303,linear_b_0192,0.8647
linear_a_0303,linear_b_0189,0.8638
linear_a_0304,linear_b_0227,0.9079
linear_a_0304,linear_b_0228,0.8948
linear_a_0304,linear_b_0240,0.8814
linear_a_0304,linear_b_0235,0.8805
linear_a_0304,linear_b_0158,0.8745
linear_a_0305,linear_b_0153,0.8997
linear_a_0305,linear_b_0234,0.8995
linear_a_0305,linear_b_0148,0.8984
linear_a_0305,linear_b_0227,0.8953
linear_a_0305,linear_b_0158,0.8916
linear_a_0306,linear_b_0227,0.919
linear_a_0306,linear_b_0234,0.9027
linear_a_0306,linear_b_0228,0.8887
linear_a_0306,linear_b_0003,0.8736
linear_a_0306,linear_b_0241,0.8721
linear_a_0307,linear_b_0156,0.7605
linear_a_0307,linear_b_0234,0.7522
linear_a_0307,linear_b_0227,0.7506
linear_a_0307,linear_b_0239,0.7486
linear_a_0307,linear_b_0073,0.7459
linear_a_0308,linear_b_0163,0.8628
linear_a_0308,linear_b_0073,0.8593
linear_a_0308,linear_b_0157,0.8497
linear_a_0308,linear_b_0028,0.8445
linear_a_0308,linear_b_0139,0.8405
linear_a_0309,linear_b_0077,0.8214
linear_a_0309,linear_b_0234,0.8191
linear_a_0309,linear_b_0246,0.8175
linear_a_0309,linear_b_0162,0.8175
linear_a_0309,linear_b_0245,0.8158
linear_a_0310,linear_b_0234,0.9126
linear_a_0310,linear_b_0159,0.8933
linear_a_0310,linear_b_0153,0.8929
linear_a_0310,linear_b_0061,0.8803
linear_a_0310,linear_b_0031,0.878
linear_a_0311,linear_b_0254,0.9923
linear_a_0311,linear_b_0107,0.9923
linear_a_0311,linear_b_0109,0.9923
linear_a_0311,linear_b_0110,0.9923
linear_a_0311,linear_b_0111,0.9923
linear_a_0312,linear_b_0254,0.9923
linear_a_0312,linear_b_0107,0.9923
linear_a_0312,linear_b_0109,0.9923
linear_a_0312,linear_b_0110,0.9923
linear_a_0312,linear_b_0111,0.9923
linear_a_0313,linear_b_0254,0.9923
linear_a_0313,linear_b_0107,0.9923
linear_a_0313,linear_b_0109,0.9923
linear_a_0313,linear_b_0110,0.9923
linear_a_0313,linear_b_0111,0.9923
linear_a_0314,linear_b_0254,0.9923
linear_a_0314,linear_b_0107,0.9923
linear_a_0314,linear_b_0109,0.9923
linear_a_0314,linear_b_0110,0.9923
linear_a_0314,linear_b_0111,0.9923
linear_a_0315,linear_b_0254,0.9923
linear_a_0315,linear_b_0107,0.9923
linear_a_0315,linear_b_0109,0.9923
linear_a_0315,linear_b_0110,0.9923
linear_a_0315,linear_b_0111,0.9923
linear_a_0316,linear_b_0254,0.9923
linear_a_0316,linear_b_0107,0.9923
linear_a_0316,linear_b_0109,0.9923
linear_a_0316,linear_b_0110,0.9923
linear_a_0316,linear_b_0111,0.9923
linear_a_0317,linear_b_0254,0.9923
linear_a_0317,linear_b_0107,0.9923
linear_a_0317,linear_b_0109,0.9923
linear_a_0317,linear_b_0110,0.9923
linear_a_0317,linear_b_0111,0.9923
linear_a_0318,linear_b_0254,0.9923
linear_a_0318,linear_b_0107,0.9923
linear_a_0318,linear_b_0109,0.9923
linear_a_0318,linear_b_0110,0.9923
linear_a_0318,linear_b_0111,0.9923
linear_a_0319,linear_b_0254,0.9923
linear_a_0319,linear_b_0107,0.9923
linear_a_0319,linear_b_0109,0.9923
linear_a_0319,linear_b_0110,0.9923
linear_a_0319,linear_b_0111,0.9923
linear_a_0320,linear_b_0030,0.9927
linear_a_0320,linear_b_0043,0.9721
linear_a_0320,linear_b_0053,0.9582
linear_a_0320,linear_b_0179,0.9425
linear_a_0320,linear_b_0038,0.9039
linear_a_0321,linear_b_0043,0.9952
linear_a_0321,linear_b_0030,0.9752
linear_a_0321,linear_b_0053,0.9594
linear_a_0321,linear_b_0038,0.9268
linear_a_0321,linear_b_0179,0.9221
linear_a_0322,linear_b_0056,0.992
linear_a_0322,linear_b_0013,0.9107
linear_a_0322,linear_b_0019,0.8965
linear_a_0322,linear_b_0215,0.88
linear_a_0322,linear_b_0248,0.8659
linear_a_0323,linear_b_0056,0.8871
linear_a_0323,linear_b_0013,0.8755
linear_a_0323,linear_b_0008,0.8246
linear_a_0323,linear_b_0034,0.8169
linear_a_0323,linear_b_0022,0.8022
linear_a_0324,linear_b_0019,0.9551
linear_a_0324,linear_b_0024,0.9442
linear_a_0324,linear_b_0153,0.9357
linear_a_0324,linear_b_0082,0.9329
linear_a_0324,linear_b_0037,0.9263
linear_a_0325,linear_b_0056,0.9282
linear_a_0325,linear_b_0013,0.9065
linear_a_0325,linear_b_0019,0.9047
linear_a_0325,linear_b_0022,0.8914
linear_a_0325,linear_b_0034,0.8839
linear_a_0326,linear_b_0092,0.884
linear_a_0326,linear_b_0033,0.8772
linear_a_0326,linear_b_0216,0.8749
linear_a_0326,linear_b_0037,0.8686
linear_a_0326,linear_b_0025,0.8676
linear_a_0327,linear_b_0005,0.9593
linear_a_0327,linear_b_0033,0.9482
linear_a_0327,linear_b_0000,0.9416
linear_a_0327,linear_b_0053,0.9311
linear_a_0327,linear_b_0025,0.9229
linear_a_0328,linear_b_0076,0.9618
linear_a_0328,linear_b_0181,0.9513
linear_a_0328,linear_b_0143,0.9296
linear_a_0328,linear_b_0159,0.9278
linear_a_0328,linear_b_0202,0.9192
linear_a_0329,linear_b_0076,0.9598
linear_a_0329,linear_b_0181,0.9412
linear_a_0329,linear_b_0159,0.9401
linear_a_0329,linear_b_0143,0.9384
linear_a_0329,linear_b_0061,0.9342
linear_a_0330,linear_b_0181,0.9458
linear_a_0330,linear_b_0076,0.9408
linear_a_0330,linear_b_0061,0.935
linear_a_0330,linear_b_0029,0.9248
linear_a_0330,linear_b_0143,0.9239
linear_a_0331,linear_b_0181,0.9361
linear_a_0331,linear_b_0061,0.9323
linear_a_0331,linear_b_0076,0.9296
linear_a_0331,linear_b_0029,0.9216
linear_a_0331,linear_b_0143,0.9122
linear_a_0332,linear_b_0181,0.9171
linear_a_0332,linear_b_0029,0.9083
linear_a_0332,linear_b_0061,0.904
linear_a_0332,linear_b_0076,0.8937
linear_a_0332,linear_b_0086,0.8884
linear_a_0333,linear_b_0053,0.9528
linear_a_0333,linear_b_0043,0.947
linear_a_0333,linear_b_0030,0.9362
linear_a_0333,linear_b_0179,0.9242
linear_a_0333,linear_b_0038,0.9132
linear_a_0334,linear_b_0179,0.9418
linear_a_0334,linear_b_0030,0.9208
linear_a_0334,linear_b_0053,0.9138
linear_a_0334,linear_b_0007,0.9119
linear_a_0334,linear_b_0000,0.9088
linear_a_0335,linear_b_0033,0.9468
linear_a_0335,linear_b_0005,0.9372
linear_a_0335,linear_b_0082,0.9321
linear_a_0335,linear_b_0031,0.9256
linear_a_0335,linear_b_0076,0.9179
linear_a_0336,linear_b_0033,0.9588
linear_a_0336,linear_b_0005,0.9533
linear_a_0336,linear_b_0082,0.929
linear_a_0336,linear_b_0025,0.9207
linear_a_0336,linear_b_0024,0.9179
linear_a_0337,linear_b_0030,0.9529
linear_a_0337,linear_b_0179,0.9355
linear_a_0337,linear_b_0053,0.9168
linear_a_0337,linear_b_0043,0.9157
linear_a_0337,linear_b_0038,0.9006
linear_a_0338,linear_b_0007,0.91
linear_a_0338,linear_b_0030,0.909
linear_a_0338,linear_b_0038,0.9084
linear_a_0338,linear_b_0025,0.8999
linear_a_0338,linear_b_0000,0.8987
linear_a_0339,linear_b_0090,0.8262
linear_a_0339,linear_b_0013,0.8098
linear_a_0339,linear_b_0056,0.7947
linear_a_0339,linear_b_0158,0.7602
linear_a_0339,linear_b_0164,0.7567
linear_a_0340,linear_b_0082,0.9092
linear_a_0340,linear_b_0169,0.9069
linear_a_0340,linear_b_0068,0.8941
linear_a_0340,linear_b_0159,0.8906
linear_a_0340,linear_b_0191,0.8899
linear_a_0341,linear_b_0025,0.9227
linear_a_0341,linear_b_0082,0.9161
linear_a_0341,linear_b_0031,0.9125
linear_a_0341,linear_b_0033,0.9088
linear_a_0341,linear_b_0137,0.9045
linear_a_0342,linear_b_0254,0.9923
linear_a_0342,linear_b_0107,0.9923
linear_a_0342,linear_b_0109,0.9923
linear_a_0342,linear_b_0110,0.9923
linear_a_0342,linear_b_0111,0.9923
linear_a_0343,linear_b_0254,0.9923
linear_a_0343,linear_b_0107,0.9923
linear_a_0343,linear_b_0109,0.9923
linear_a_0343,linear_b_0110,0.9923
linear_a_0343,linear_b_0111,0.9923
linear_a_0344,linear_b_0254,0.9923
linear_a_0344,linear_b_0107,0.9923
linear_a_0344,linear_b_0109,0.9923
linear_a_0344,linear_b_0110,0.9923
linear_a_0344,linear_b_0111,0.9923
linear_a_0345,linear_b_0254,0.9923
linear_a_0345,linear_b_0107,0.9923
linear_a_0345,linear_b_0109,0.9923
linear_a_0345,linear_b_0110,0.9923
linear_a_0345,linear_b_0111,0.9923
linear_a_0346,linear_b_0254,0.9923
linear_a_0346,linear_b_0107,0.9923
linear_a_0346,linear_b_0109,0.9923
linear_a_0346,linear_b_0110,0.9923
linear_a_0346,linear_b_0111,0.9923
linear_a_0347,linear_b_0254,0.9923
linear_a_0347,linear_b_0107,0.9923
linear_a_0347,linear_b_0109,0.9923
linear_a_0347,linear_b_0110,0.9923
linear_a_0347,linear_b_0111,0.9923
linear_a_0348,linear_b_0254,0.9923
linear_a_0348,linear_b_0107,0.9923
linear_a_0348,linear_b_0109,0.9923
linear_a_0348,linear_b_0110,0.9923
linear_a_0348,linear_b_0111,0.9923
linear_a_0349,linear_b_0254,0.9923
linear_a_0349,linear_b_0107,0.9923
linear_a_0349,linear_b_0109,0.9923
linear_a_0349,linear_b_0110,0.9923
linear_a_0349,linear_b_0111,0.9923
linear_a_0350,linear_b_0254,0.9923
linear_a_0350,linear_b_0107,0.9923
linear_a_0350,linear_b_0109,0.9923
linear_a_0350,linear_b_0110,0.9923
linear_a_0350,linear_b_0111,0.9923
linear_a_0351,linear_b_0254,0.9923
linear_a_0351,linear_b_0107,0.9923
linear_a_0351,linear_b_0109,0.9923
linear_a_0351,linear_b_0110,0.9923
linear_a_0351,linear_b_0111,0.9923
linear_a_0352,linear_b_0183,0.8532
linear_a_0352,linear_b_0186,0.84
linear_a_0352,linear_b_0179,0.8348
linear_a_0352,linear_b_0070,0.8319
linear_a_0352,linear_b_0027,0.8304
linear_a_0353,linear_b_0049,0.9464
linear_a_0353,linear_b_0168,0.9314
linear_a_0353,linear_b_0046,0.9274
linear_a_0353,linear_b_0154,0.924
linear_a_0353,linear_b_0217,0.9237
linear_a_0354,linear_b_0040,0.9451
linear_a_0354,linear_b_0029,0.9379
linear_a_0354,linear_b_0159,0.9335
linear_a_0354,linear_b_0143,0.9307
linear_a_0354,linear_b_0024,0.9295
linear_a_0355,linear_b_0024,0.9305
linear_a_0355,linear_b_0141,0.9241
linear_a_0355,linear_b_0159,0.9172
linear_a_0355,linear_b_0153,0.9165
linear_a_0355,linear_b_0037,0.9127
linear_a_0356,linear_b_0031,0.94
linear_a_0356,linear_b_0153,0.914
linear_a_0356,linear_b_0076,0.9118
linear_a_0356,linear_b_0082,0.9062
linear_a_0356,linear_b_0024,0.9038
linear_a_0357,linear_b_0082,0.9482
linear_a_0357,linear_b_0024,0.9393
linear_a_0357,linear_b_0076,0.9365
linear_a_0357,linear_b_0031,0.9307
linear_a_0357,linear_b_0159,0.9299
linear_a_0358,linear_b_0137,0.9135
linear_a_0358,linear_b_0025,0.9114
linear_a_0358,linear_b_0000,0.9004
linear_a_0358,linear_b_0141,0.9002
linear_a_0358,linear_b_0135,0.894
linear_a_0359,linear_b_0153,0.8915
linear_a_0359,linear_b_0211,0.8872
linear_a_0359,linear_b_0141,0.8845
linear_a_0359,linear_b_0159,0.8844
linear_a_0359,linear_b_0024,0.8823
linear_a_0360,linear_b_0254,0.9923
linear_a_0360,linear_b_0107,0.9923
linear_a_0360,linear_b_0109,0.9923
linear_a_0360,linear_b_0110,0.9923
linear_a_0360,linear_b_0111,0.9923
linear_a_0361,linear_b_0254,0.9923
linear_a_0361,linear_b_0107,0.9923
linear_a_0361,linear_b_0109,0.9923
linear_a_0361,linear_b_0110,0.9923
linear_a_0361,linear_b_0111,0.9923
linear_a_0362,linear_b_0254,0.9923
linear_a_0362,linear_b_0107,0.9923
linear_a_0362,linear_b_0109,0.9923
linear_a_0362,linear_b_0110,0.9923
linear_a_0362,linear_b_0111,0.9923
linear_a_0363,linear_b_0254,0.9923
linear_a_0363,linear_b_0107,0.9923
linear_a_0363,linear_b_0109,0.9923
linear_a_0363,linear_b_0110,0.9923
linear_a_0363,linear_b_0111,0.9923
linear_a_0364,linear_b_0254,0.9923
linear_a_0364,linear_b_0107,0.9923
linear_a_0364,linear_b_0109,0.9923
linear_a_0364,linear_b_0110,0.9923
linear_a_0364,linear_b_0111,0.9923
linear_a_0365,linear_b_0254,0.9923
linear_a_0365,linear_b_0107,0.9923
linear_a_0365,linear_b_0109,0.9923
linear_a_0365,linear_b_0110,0.9923
linear_a_0365,linear_b_0111,0.9923
linear_a_0366,linear_b_0254,0.9923
linear_a_0366,linear_b_0107,0.9923
linear_a_0366,linear_b_0109,0.9923
linear_a_0366,linear_b_0110,0.9923
linear_a_0366,linear_b_0111,0.9923
linear_a_0367,linear_b_0254,0.9923
linear_a_0367,linear_b_0107,0.9923
linear_a_0367,linear_b_0109,0.9923
linear_a_0367,linear_b_0110,0.9923
linear_a_0367,linear_b_0111,0.9923
linear_a_0368,linear_b_0254,0.9923
linear_a_0368,linear_b_0107,0.9923
linear_a_0368,linear_b_0109,0.9923
linear_a_0368,linear_b_0110,0.9923
linear_a_0368,linear_b_0111,0.9923
linear_a_0369,linear_b_0254,0.9923
linear_a_0369,linear_b_0107,0.9923
linear_a_0369,linear_b_0109,0.9923
linear_a_0369,linear_b_0110,0.9923
linear_a_0369,linear_b_0111,0.9923
linear_a_0370,linear_b_0254,0.9923
linear_a_0370,linear_b_0107,0.9923
linear_a_0370,linear_b_0109,0.9923
linear_a_0370,linear_b_0110,0.9923
linear_a_0370,linear_b_0111,0.9923
linear_a_0371,linear_b_0254,0.9923
linear_a_0371,linear_b_0107,0.9923
linear_a_0371,linear_b_0109,0.9923
linear_a_0371,linear_b_0110,0.9923
linear_a_0371,linear_b_0111,0.9923
linear_a_0372,linear_b_0254,0.9923
linear_a_0372,linear_b_0107,0.9923
linear_a_0372,linear_b_0109,0.9923
linear_a_0372,linear_b_0110,0.9923
linear_a_0372,linear_b_0111,0.9923
linear_a_0373,linear_b_0254,0.9923
linear_a_0373,linear_b_0107,0.9923
linear_a_0373,linear_b_0109,0.9923
linear_a_0373,linear_b_0110,0.9923
linear_a_0373,linear_b_0111,0.9923
linear_a_0374,linear_b_0254,0.9923
linear_a_0374,linear_b_0107,0.9923
linear_a_0374,linear_b_0109,0.9923
linear_a_0374,linear_b_0110,0.9923
linear_a_0374,linear_b_0111,0.9923
linear_a_0375,linear_b_0254,0.9923
linear_a_0375,linear_b_0107,0.9923
linear_a_0375,linear_b_0109,0.9923
linear_a_0375,linear_b_0110,0.9923
linear_a_0375,linear_b_0111,0.9923
linear_a_0376,linear_b_0254,0.9923
linear_a_0376,linear_b_0107,0.9923
linear_a_0376,linear_b_0109,0.9923
linear_a_0376,linear_b_0110,0.9923
linear_a_0376,linear_b_0111,0.9923
linear_a_0377,linear_b_0254,0.9923
linear_a_0377,linear_b_0107,0.9923
linear_a_0377,linear_b_0109,0.9923
linear_a_0377,linear_b_0110,0.9923
linear_a_0377,linear_b_0111,0.9923
linear_a_0378,linear_b_0254,0.9923
linear_a_0378,linear_b_0107,0.9923
linear_a_0378,linear_b_0109,0.9923
linear_a_0378,linear_b_0110,0.9923
linear_a_0378,linear_b_0111,0.9923
linear_a_0379,linear_b_0254,0.9923
linear_a_0379,linear_b_0107,0.9923
linear_a_0379,linear_b_0109,0.9923
linear_a_0379,linear_b_0110,0.9923
linear_a_0379,linear_b_0111,0.9923
linear_a_0380,linear_b_0254,0.9923
linear_a_0380,linear_b_0107,0.9923
linear_a_0380,linear_b_0109,0.9923
linear_a_0380,linear_b_0110,0.9923
linear_a_0380,linear_b_0111,0.9923
linear_a_0381,linear_b_0254,0.9923
linear_a_0381,linear_b_0107,0.9923
linear_a_0381,linear_b_0109,0.9923
linear_a_0381,linear_b_0110,0.9923
linear_a_0381,linear_b_0111,0.9923
linear_a_0382,linear_b_0254,0.9923
linear_a_0382,linear_b_0107,0.9923
linear_a_0382,linear_b_0109,0.9923
linear_a_0382,linear_b_0110,0.9923
linear_a_0382,linear_b_0111,0.9923
